Transaction ID,Transaction Type,Date & time,Asset Acquired,"Quantity Acquired (Bought, Received, etc)",Cost Basis (incl. fees and/or spread) (USD),Data Source,"Asset Disposed (Sold, Sent, etc)",Quantity Disposed,Proceeds (excl. fees and/or spread) (USD)
32d8b67a-753c-5ccf-8376-d8b11bd251d9,Buy,2020-08-12T17:09:30Z,BTC,0.21261142,2500,Coinbase,,,
309eb321-9b6f-506f-bb3d-4a9639367370,Buy,2020-12-01T18:55:35Z,ETH,3,1807.31,Coinbase,,,
c75087a9-2ebc-5e60-ad0a-e6be936d49f9,Buy,2020-12-16T23:07:28Z,BTC,0.03184009,692.69,Coinbase,,,
b583878e-53b7-5e5e-b720-f50bb1a24fe4,Sell,2021-01-07T16:27:00Z,,,,,BTC,0.12222576,4710.219999999999999997660704
5000b811-465e-5e4a-8fea-9a9129246f67,Sell,2021-01-07T16:27:38Z,,,,,ETH,1.5,1870.48999999999999995
a31b029c-f7e7-5c01-b569-406355ce0ba3,Sell,2021-01-11T03:55:12Z,,,,,BTC,0.12222575,4190.47000000000000000592655
36601bc6-03a6-5cee-bdf9-28bd24028315,Sell,2021-01-11T03:56:08Z,,,,,ETH,1.5,1603.00000000000000005
89549f91-a251-5701-8dd7-c59a8067da46,Buy,2021-01-21T20:05:06Z,BTC,0.06072156,2000,Coinbase,,,
2d5f8d22-29de-58ef-ab18-8e77bf0dc4fc,Buy,2021-01-21T20:05:38Z,ETH,0.80070718,1000,Coinbase,,,
7ef97bd6-ea8c-5793-93b0-3fd56a8e3d91,Buy,2021-01-27T13:39:31Z,BTC,0.03850046,1200,Coinbase,,,
b949f84e-ac6e-5594-81b7-909335c50244,Buy,2021-01-27T13:40:19Z,ETH,0.39012913,500,Coinbase,,,
ccd437c5-e901-5cb8-acce-35cc8fa1f85a,Buy,2021-02-03T16:48:27Z,BTC,0.0264893,1000,Coinbase,,,
271f01d3-f32e-56bf-81b6-d6a1201adbd4,Buy,2021-02-03T16:48:48Z,ETH,0.61253532,1000,Coinbase,,,
5cd1b1d2-3250-547d-bfdd-5c649f08cec4,Sell,2021-02-09T18:08:15Z,,,,,BTC,0.06020066,2758.280000000000000000293376
5d0ea96d-e2f7-59f3-bd92-79a358661630,Sell,2021-02-09T18:08:43Z,,,,,ETH,0.89304327,1526.900000000000000016747924
e27c98cb-0c29-53f5-84af-e17a341bbccb,Buy,2021-02-17T04:50:50Z,BTC,0.03978322,2000,Coinbase,,,
c8c3e1c8-c754-55f1-8893-ff79155e1e70,Buy,2021-02-17T04:51:08Z,ETH,0.84505984,1500,Coinbase,,,
da8a1e9e-5409-5462-9364-870aed6d7660,Buy,2021-04-14T23:25:12Z,BTC,0.00113831,75,Coinbase,,,
21624d14-e606-5bb9-b2d0-5dce5d3a8144,Buy,2021-04-14T23:25:46Z,ETH,0.02935909,75,Coinbase,,,
2290c74b-f171-596b-a861-be74e8de24a8,Buy,2021-04-16T14:40:27Z,UNI,27.40970982,1000,Coinbase,,,
71397320-64ba-525e-950f-ad4e08d9e0c4,Buy,2021-04-19T00:42:14Z,BTC,0.0173041,1000,Coinbase,,,
a2d0d9c5-3ee4-51c4-8ac3-2fe32042dec4,Buy,2021-04-19T00:42:33Z,ETH,0.43496416,1000,Coinbase,,,
c949f965-180e-5fad-8bff-2f067085978d,Buy,2021-04-22T00:23:45Z,ETH,0.03038193,75,Coinbase,,,
9b0f5b29-25a1-5b88-ba59-4e5456eb0b1c,Buy,2021-04-22T00:35:33Z,BTC,0.00132923,75,Coinbase,,,
ece6df2c-2250-58a7-8b23-9b7631b17d03,Buy,2021-04-29T00:25:04Z,BTC,0.00130273,75,Coinbase,,,
7ee5ea0d-4bfe-5f54-ba32-715b7a69caea,Buy,2021-04-29T00:44:06Z,ETH,0.02619792,75,Coinbase,,,
a660af1a-88ae-54f2-aa2c-466e1ce1e3ba,Sell,2021-05-03T03:26:50Z,,,,,BTC,0.02596545,1477.65000000000000000015045
cbd95d7c-54c9-5f54-88a6-989b861f015d,Sell,2021-05-03T03:27:11Z,,,,,ETH,0.49462904,1477.650000000000000002108168
055bd9a1-83bf-5601-80a1-98243a35413a,Sell,2021-05-03T15:28:24Z,,,,,ETH,0.31495617,985.100000000000000000089104
659d31d4-c734-5941-bed3-8be8d36a04ed,Sell,2021-05-03T23:43:22Z,,,,,ETH,0.29231397,985.09999999999999999373838
bd2196f0-2d96-5a49-a27d-a2971e6071ab,Send,2021-05-05T05:20:34Z,,,,,BTC,0.00461982,232.24967712517991253605925
d06066b7-a4ef-5c90-a09e-e5da3c6ba592,Buy,2021-05-06T00:40:49Z,ETH,0.0205504,75,Coinbase,,,
2fc26397-c62c-5a73-a3ee-c532fd944777,Buy,2021-05-06T00:52:33Z,BTC,0.00125858,75,Coinbase,,,
5add9393-c960-5469-b6c3-a530213372ed,Sell,2021-05-08T16:46:30Z,,,,,ETH,0.26460842,985.099999999999999989772562
329778e7-b7bf-532a-b7aa-8013216d8cd9,Reward,2021-05-11T00:52:32Z,BTC,0.00017945,9.999944564,Coinbase,,,
d2c36569-ac66-5a3a-8af0-74f5242d6c54,Buy,2021-05-13T00:40:37Z,ETH,0.01801242,75,Coinbase,,,
41e5f984-b45b-546a-97d6-cccc0cc4a29a,Buy,2021-05-13T01:09:05Z,BTC,0.00141883,75,Coinbase,,,
5c9cc7ea-db2c-5af8-a33e-fe94e01abba4,Buy,2021-05-13T01:35:40Z,BTC,0.03926229,2000,Coinbase,,,
f45735ef-25fd-5831-8dac-a26823b4ee11,Buy,2021-05-13T17:39:02Z,ETH,0.27353197,1000,Coinbase,,,
289354e2-fb1e-55a9-ab2c-40781ee5e4cb,Buy,2021-05-18T03:57:32Z,BTC,0.02188567,1000,Coinbase,,,
def94cd2-0c04-53b4-8809-82a7685373d6,Buy,2021-05-18T03:57:51Z,ETH,0.28949234,1000,Coinbase,,,
314f9ca2-792d-5e29-8f0b-06ed2e6e8074,Buy,2021-05-19T12:34:19Z,BTC,0.02601244,1000,Coinbase,,,
017acf06-f97e-50ae-b61f-ccfed0fa1f7d,Buy,2021-05-19T12:34:42Z,ETH,0.38851974,1000,Coinbase,,,
01e9ce7e-1def-5959-9c9a-51b1d5d0db64,Buy,2021-05-20T00:34:12Z,BTC,0.00194595,75,Coinbase,,,
9ce1f42e-2130-58cb-a612-4f04a184945e,Buy,2021-05-20T00:51:43Z,ETH,0.03253476,75,Coinbase,,,
53aecef5-3da1-5b69-ac8c-dd8210f8fc5a,Buy,2021-05-27T00:58:27Z,BTC,0.00185146,75,Coinbase,,,
3a881b1f-811e-5ee1-884d-7baae4b4bb39,Buy,2021-05-27T01:10:04Z,ETH,0.02572028,75,Coinbase,,,
7ed3f30a-2a8c-5318-a741-9ccd4633c939,Sell,2021-05-28T17:40:42Z,,,,,BTC,0.05568662,1970.199999999999999998025732
2b57ea4c-5048-5362-bcb0-ef498c7fe356,Sell,2021-05-28T17:41:05Z,,,,,ETH,0.80404583,1970.200000000000000014061965
2d1684d4-ad88-5e2f-9503-3d28a30d34b7,Buy,2021-06-03T00:26:37Z,BTC,0.00191246,75,Coinbase,,,
20d27cfb-6175-5244-8de8-75902fa95ae5,Buy,2021-06-03T00:32:26Z,ETH,0.02650533,75,Coinbase,,,
b11391d0-4355-5f19-a27b-3065ca3c67c1,Reward,2021-06-08T00:26:36Z,BTC,0.00029559,9.99988211955,Coinbase,,,
98bd07cb-dbfb-595d-9816-80f450c7c552,Buy,2021-06-10T00:49:02Z,BTC,0.00193115,75,Coinbase,,,
bd4f399c-c285-5986-b221-228b48a4fa44,Buy,2021-06-10T00:49:58Z,ETH,0.02774959,75,Coinbase,,,
e8bd1a79-17f1-5133-b284-577a241c792c,Buy,2021-06-17T00:43:45Z,BTC,0.00185384,75,Coinbase,,,
08b51e1f-220b-56e0-b284-12a0fc51e1b0,Buy,2021-06-17T01:06:03Z,ETH,0.02993737,75,Coinbase,,,
5b344777-765e-5465-bcbe-f91132b730af,Buy,2021-06-21T18:42:50Z,BTC,0.04495104,1500,Coinbase,,,
464886a5-a5aa-59fc-835d-d9a886760bfb,Buy,2021-06-21T18:43:19Z,ETH,0.75620355,1500,Coinbase,,,
80589271-a752-5721-b1f6-5a56c79273cd,Buy,2021-06-24T00:31:20Z,ETH,0.03640567,75,Coinbase,,,
cdfbfdbc-0b1b-5493-9716-ad97eba90a9d,Buy,2021-06-24T01:10:18Z,BTC,0.00215625,75,Coinbase,,,
ba18e92f-2584-52fe-b436-38f0164eedbc,Buy,2021-07-01T01:08:17Z,BTC,0.00205729,75,Coinbase,,,
6f0a4db9-a327-5fab-a6c0-53c0f9adc22f,Buy,2021-07-01T01:08:17Z,ETH,0.03179357,75,Coinbase,,,
480ddff2-ea86-59e7-be6d-7639871ad70f,Buy,2021-07-08T01:48:47Z,ETH,0.03137411,75,Coinbase,,,
b7342d4a-ca0b-5d44-9ffc-abc9e83ddb00,Buy,2021-07-08T03:06:16Z,BTC,0.00215094,75,Coinbase,,,
35d8ed44-9910-5695-ae1c-234bad37a3df,Buy,2021-07-15T02:51:13Z,BTC,0.00218779,75,Coinbase,,,
2bee9cd3-03a0-5e84-8dd4-8824f75d4a1c,Buy,2021-07-15T03:41:03Z,ETH,0.03609863,75,Coinbase,,,
702a7de3-54bc-543b-a7c8-12e9efbb3e73,Buy,2021-07-22T02:49:14Z,BTC,0.00224879,75,Coinbase,,,
b0136487-1fb1-539b-a7cd-89edb7bc1b2f,Buy,2021-07-22T03:20:28Z,ETH,0.03618979,75,Coinbase,,,
c6c2c9e8-bf3c-5ff1-8398-a7979421c157,Buy,2021-07-26T17:46:56Z,BTC,0.0298891,1200,Coinbase,,,
49e59014-4bba-5996-a2cf-8b163db30cce,Buy,2021-07-26T17:47:20Z,ETH,0.33169179,800,Coinbase,,,
9285e940-ed65-5bd0-8c07-b44581d87642,Buy,2021-07-29T02:03:54Z,BTC,0.00180198,75,Coinbase,,,
3c975079-25a2-5010-bf07-d0e7e2450939,Buy,2021-07-29T03:18:45Z,ETH,0.03140423,75,Coinbase,,,
bd8eb136-845c-53b0-b752-64348111deb9,Buy,2021-08-05T01:34:41Z,BTC,0.00182304,75,Coinbase,,,
9e74cfa0-6439-5731-8297-146e7f180fa4,Buy,2021-08-05T03:45:25Z,ETH,0.02645356,75,Coinbase,,,
b86a2d1c-13a7-5490-ae96-25f9da72ed3e,Buy,2021-08-12T02:35:51Z,ETH,0.02216386,75,Coinbase,,,
08c73155-0fb4-5e9a-95da-e18061c2d0e6,Buy,2021-08-12T02:43:15Z,BTC,0.00155216,75,Coinbase,,,
e1606bb1-6b57-5e16-af83-fb1e52182656,Buy,2021-08-19T01:54:11Z,ETH,0.02358677,75,Coinbase,,,
ca868ed5-524e-5626-9c92-3ef08587a852,Buy,2021-08-19T02:38:32Z,BTC,0.00160209,75,Coinbase,,,
828efd78-8e06-5c40-a707-af905e24f2de,Buy,2021-08-26T01:01:53Z,ETH,0.02207502,75,Coinbase,,,
2912833c-5494-5639-8793-685f8abfc8c3,Buy,2021-08-26T03:24:32Z,BTC,0.00148547,75,Coinbase,,,
a0615a33-6d26-581c-b379-1eeed4d08078,Buy,2021-09-02T01:05:00Z,BTC,0.00146998,75,Coinbase,,,
5a3854be-0267-504f-b88a-76be16688de2,Buy,2021-09-02T02:53:42Z,ETH,0.01904041,75,Coinbase,,,
24fea238-4bb5-5ac7-ac9c-655c1ae7746c,Sell,2021-09-02T07:29:05Z,,,,,BTC,0.03997604,1970.199999999999999998723528
cac63771-d3b4-582d-b196-47870fed9f18,Sell,2021-09-02T07:29:24Z,,,,,ETH,0.53622504,1970.199999999999999979751016
bf412060-dd43-59d8-8319-e27b21b33fcb,Buy,2021-09-07T16:35:36Z,BTC,0.04168957,2000,Coinbase,,,
4e99069c-1e17-5b65-aa38-bec62b2c446e,Buy,2021-09-07T16:35:43Z,ETH,0.5638303,2000,Coinbase,,,
a825b8fd-eed5-5aab-9741-4a0c8be40efc,Buy,2021-09-09T00:55:35Z,BTC,0.00154864,75,Coinbase,,,
1ad57176-f98f-5056-972e-61823505d8f3,Buy,2021-09-09T01:06:24Z,ETH,0.02041968,75,Coinbase,,,
36ef8231-0d12-5282-8da7-174580d6c8c1,Send,2021-09-09T09:26:34Z,,,,,BTC,0.00021804,10.55958776733133588180872
f0a60940-859c-5f67-baad-28db2f7c9f6e,Send,2021-09-09T10:34:30Z,,,,,BTC,0.02007211,963.538675899096502064092859
7aff740b-1979-5ed6-8c8f-aa4d3c2a867c,Buy,2021-09-09T11:04:35Z,SOL,4.709155454,1000,Coinbase,,,
4ba92eb3-5b7f-5ec5-ad38-4f0c1d9007d3,Buy,2021-09-16T00:58:23Z,BTC,0.00149501,75,Coinbase,,,
b3568796-501e-5479-b231-f41952c69cda,Buy,2021-09-16T02:47:54Z,ETH,0.01998455,75,Coinbase,,,
78b1e9db-7208-585d-ac99-2e177adbb666,Buy,2021-09-23T00:28:29Z,ETH,0.02339768,75,Coinbase,,,
7fc471a5-1cbb-59b2-81b6-f2c1408788d7,Buy,2021-09-23T01:16:12Z,BTC,0.00166035,75,Coinbase,,,
d847e7d8-6d4b-577b-8a37-4aa05b29902a,Buy,2021-09-30T01:47:03Z,ETH,0.02418125,75,Coinbase,,,
52483c8c-1592-5b9b-9938-0ea9984c51f6,Buy,2021-09-30T03:40:08Z,BTC,0.00165798,75,Coinbase,,,
6fd1b6e2-8f25-5937-b6a7-d990846cf2b4,Sell,2021-10-06T14:08:53Z,,,,,SOL,4.709155454,728.2300000000000000538064044
2725f9a6-308b-526e-a3e2-b20a6bdf4c93,Sell,2021-10-06T14:09:22Z,,,,,UNI,27.40970982,683.709999999999999202568418
9321406f-1a78-5f36-9288-ac3cc466ad72,Sell,2021-10-06T16:43:00Z,,,,,BTC,0.03680082,1970.200000000000000001815668
fe16f873-4340-5110-8482-6a40b92af8e6,Sell,2021-10-06T16:43:29Z,,,,,ETH,0.4204988,1477.64999999999999999170108
f6889e03-c005-5fbe-b359-d71711c1c0b5,Buy,2021-10-07T01:09:48Z,ETH,0.02023931,75,Coinbase,,,
62f3c75c-3367-508a-bf8e-8e47d4125304,Buy,2021-10-07T03:33:41Z,BTC,0.00130483,75,Coinbase,,,
da42e3d9-450c-5ad9-bdab-0edfd0e0934b,Buy,2021-10-14T01:26:04Z,BTC,0.00123409,75,Coinbase,,,
dd16b9d2-0e1c-5c58-b2fb-2cf7ce8878ce,Buy,2021-10-14T02:58:57Z,ETH,0.01970036,75,Coinbase,,,
d81319d8-dc4c-54b2-8312-692981599599,Sell,2021-10-20T15:09:45Z,,,,,BTC,0.03013569,1970.200000000000000001132766
fa7880d1-7bb2-529b-9971-9d0735fd83ce,Sell,2021-10-20T15:10:11Z,,,,,ETH,0.49699806,1970.200000000000000017535386
f4a7e6c8-cc09-5c17-a12a-846e12d8c288,Buy,2021-10-21T01:28:39Z,ETH,0.01691438,75,Coinbase,,,
8e14716d-4494-5844-8759-96200bfd9427,Buy,2021-10-21T01:45:49Z,BTC,0.00109455,75,Coinbase,,,
d9d38b4b-eade-5e8d-8d3a-0622a331f679,Buy,2021-10-28T01:45:54Z,ETH,0.01795969,75,Coinbase,,,
bf069b24-4d42-5bcf-b515-d2c457adb89e,Buy,2021-10-28T02:37:43Z,BTC,0.00121757,75,Coinbase,,,
40398556-74c3-539d-94ee-37315250abf9,Buy,2021-11-04T01:24:20Z,BTC,0.00114452,75,Coinbase,,,
5b47a01f-cad7-5576-8dcc-9f108ce88409,Buy,2021-11-04T03:58:25Z,ETH,0.01570352,75,Coinbase,,,
cfc7a0a0-e64f-5b0d-adbe-43a89e3541d3,Buy,2021-11-11T00:53:01Z,ETH,0.01550678,75,Coinbase,,,
d32a25d5-8735-54ba-8807-c8b49c57d346,Buy,2021-11-11T02:47:01Z,BTC,0.00111218,75,Coinbase,,,
bee0a235-4e59-5c9e-8736-03ef6c31fe29,Sell,2021-11-16T04:32:10Z,,,,,BTC,0.03279453,1970.200000000000000000777092
d3d85ce3-045f-519a-b0d3-abdf005466c1,Sell,2021-11-16T04:32:37Z,,,,,ETH,0.34805181,1477.650000000000000013434762
d2e3ad37-dc35-53a1-8255-dd4fb4567661,Buy,2021-11-16T04:33:47Z,SOL,8.54802939,2000,Coinbase,,,
f99be857-48ab-5a9e-bcef-8e9db6aa6469,Buy,2021-11-18T01:53:47Z,BTC,0.00118211,75,Coinbase,,,
b37bac50-6179-56f2-8f7d-a2ebf266b90f,Buy,2021-11-18T01:56:04Z,ETH,0.01659475,75,Coinbase,,,
fc632af3-6203-560b-819e-6609768b7c9e,Buy,2021-11-25T00:41:00Z,BTC,0.00124289,75,Coinbase,,,
5dfe6efb-d71d-54c1-a437-d4191d2c6032,Buy,2021-11-25T03:24:45Z,ETH,0.01662212,75,Coinbase,,,
799dfcdf-31bf-54e6-a8d8-3d39273b8d5a,Buy,2021-12-02T04:14:21Z,BTC,0.00126756,75,Coinbase,,,
50b1ab5c-dace-5067-be27-a50d636c1837,Buy,2021-12-02T04:16:37Z,ETH,0.01587284,75,Coinbase,,,
2f520664-732a-5ba8-b8c1-bfa4bf9770c4,Buy,2021-12-04T19:36:53Z,BTC,0.04960752,2500,Coinbase,,,
7157f5b1-b70c-5694-ad4c-61ee84c7f070,Buy,2021-12-04T19:37:23Z,ETH,0.47676189,2000,Coinbase,,,
b91a3a76-0bdf-5bfc-8389-659205ee21a4,Buy,2021-12-04T19:38:37Z,SOL,3.780271582,800,Coinbase,,,
06ef2c2a-ea31-504f-aa38-b9a78fbfac11,Buy,2021-12-09T00:49:39Z,ETH,0.01604233,75,Coinbase,,,
27310530-b069-5528-98cb-ddf966938ef7,Buy,2021-12-09T03:13:42Z,BTC,0.00143835,75,Coinbase,,,
0050e93d-b707-5b6d-add3-53c38342335e,Buy,2021-12-16T02:10:23Z,ETH,0.01774679,75,Coinbase,,,
2f4f9eda-6093-5d6b-9bab-112b15e07c9d,Buy,2021-12-16T02:43:24Z,BTC,0.00146158,75,Coinbase,,,
dbbd4d41-1fce-5f85-a959-be8644112e19,Buy,2021-12-23T01:03:36Z,ETH,0.01820126,75,Coinbase,,,
7e29420c-ea52-5836-8d38-8053552c43aa,Buy,2021-12-23T01:28:50Z,BTC,0.00148322,75,Coinbase,,,
87efc06c-f914-566e-a386-f0a8fa475a74,Buy,2021-12-30T00:39:11Z,BTC,0.00153384,75,Coinbase,,,
4afd9401-bdf0-5d92-8752-3ed6ceeb0ee6,Buy,2021-12-30T02:05:05Z,ETH,0.01967164,75,Coinbase,,,
a6980111-db99-5fed-bb03-7b6ba43483b4,Buy,2022-01-06T00:57:25Z,ETH,0.02024354,75,Coinbase,,,
e46ad8c4-cf86-5cd8-bb61-31ba92698fbf,Buy,2022-01-06T01:17:26Z,BTC,0.00163898,75,Coinbase,,,
dd05f683-1fb4-5486-b2b5-511bbe9a807b,Buy,2022-01-13T02:28:42Z,ETH,0.02143676,75,Coinbase,,,
8184fb6e-8efa-5b5c-a4a0-00da5dac7e4d,Buy,2022-01-13T03:43:28Z,BTC,0.00164542,75,Coinbase,,,
d08a4d54-30ab-5a02-a87f-5929c9f97f7d,Buy,2022-01-20T00:30:42Z,BTC,0.00171422,75,Coinbase,,,
4814ba1c-c843-50ee-86c0-fa6116302940,Buy,2022-01-20T03:33:18Z,ETH,0.02296003,75,Coinbase,,,
a0ca7365-f773-5d33-ad0e-f68f6957083a,Buy,2022-01-23T00:16:56Z,BTC,0.05574877,2000,Coinbase,,,
bb350215-9e05-5640-90c5-56813f4b6de5,Buy,2022-01-23T00:17:30Z,ETH,0.81334804,2000,Coinbase,,,
65185475-df43-549f-9ec5-a3b922bdbad1,Buy,2022-01-27T03:25:35Z,ETH,0.029909,75,Coinbase,,,
7e9fd671-0317-5e02-a863-c83cf1c68f42,Buy,2022-01-27T04:12:24Z,BTC,0.00199127,75,Coinbase,,,
a44c22fc-4dce-50f8-a2d6-89676ad79ec4,Buy,2022-02-03T03:26:32Z,ETH,0.02679516,75,Coinbase,,,
fc056b79-09e8-5433-9616-c32b302b7c35,Buy,2022-02-03T04:15:24Z,BTC,0.00194003,75,Coinbase,,,
76dcab08-c6ac-5cbf-a12e-6a0ca77f74af,Buy,2022-02-10T02:32:22Z,ETH,0.02218857,75,Coinbase,,,
ff8247b7-ca16-5cc3-9a3c-617940791868,Buy,2022-02-10T04:01:56Z,BTC,0.00163585,75,Coinbase,,,
f63c7d8b-00e5-515c-8a1c-fd69782eb320,Buy,2022-02-17T02:53:00Z,BTC,0.00162488,75,Coinbase,,,
e8834b24-5d82-54b3-885b-cc3f78c5fd6a,Buy,2022-02-17T03:50:21Z,ETH,0.0230771,75,Coinbase,,,
ebd62ba5-af4b-5ca5-82f7-bc3c0b44c111,Buy,2022-02-24T01:32:55Z,BTC,0.00194403,75,Coinbase,,,
cd1e3695-da6f-5a0f-8075-e3d811badf5f,Buy,2022-02-24T04:13:24Z,ETH,0.03021168,75,Coinbase,,,
4cea591d-2a70-525b-b5dc-1f6be9cfb1c5,Send,2022-02-27T01:12:29Z,,,,,BTC,0.00640025,365.135332995799066763391
032c6b40-1dd5-5483-abdb-7bab899b2d45,Buy,2022-03-03T01:08:24Z,ETH,0.02418557,75,Coinbase,,,
78c85a4c-382e-59ec-839f-aa86953a2f84,Buy,2022-03-03T02:30:41Z,BTC,0.00163681,75,Coinbase,,,
b2bd9011-2472-599d-96e8-cc1c7f4f873f,Buy,2022-03-10T00:45:58Z,ETH,0.02639243,75,Coinbase,,,
0e7796bc-687d-5910-b9c1-ca86702ba68b,Buy,2022-03-10T01:32:10Z,BTC,0.00170962,75,Coinbase,,,
0603f9ee-eaf2-5d75-80fa-332e5ddd6327,Buy,2022-03-17T02:24:26Z,ETH,0.02589341,75,Coinbase,,,
b462bc8f-d5c6-5c20-97ce-7fbd842d5911,Buy,2022-03-17T03:08:08Z,BTC,0.0017452,75,Coinbase,,,
84b49fb2-33e7-51d9-960f-c52ded1b8163,Buy,2022-03-24T02:06:38Z,BTC,0.00167185,75,Coinbase,,,
2425e423-8733-5e5d-9049-0cc48d87afcd,Buy,2022-03-24T03:42:02Z,ETH,0.02362542,75,Coinbase,,,
fcfc4fec-ba07-5e21-b89c-44e7a7696d39,Buy,2022-03-31T00:49:17Z,ETH,0.02102782,75,Coinbase,,,
202601d2-3035-5a24-9fc7-edf722eabf50,Buy,2022-03-31T01:33:21Z,BTC,0.00151469,75,Coinbase,,,
0ebbaf4c-0a83-576e-9d1e-dac5d6c72ca8,Buy,2022-04-07T03:08:59Z,BTC,0.00165107,75,Coinbase,,,
25287df8-c6fa-5b6f-9304-298c3605880e,Buy,2022-04-07T03:17:43Z,ETH,0.02254208,75,Coinbase,,,
35d4fea2-74a9-5084-895c-95be73667115,Buy,2022-04-14T01:55:23Z,ETH,0.02282113,75,Coinbase,,,
7e13c469-8c94-5605-853a-1d678b1b19ec,Buy,2022-04-14T02:05:30Z,BTC,0.00172927,75,Coinbase,,,
be3fdf5f-36f6-5d1e-b28e-e9021f187555,Buy,2022-04-21T01:28:33Z,ETH,0.02315428,75,Coinbase,,,
96328796-5fbb-557e-8c06-8907f0b6ddbd,Buy,2022-04-21T02:13:12Z,BTC,0.00171661,75,Coinbase,,,
9996a311-9d35-52e8-9b57-9e4a904f3c4c,Buy,2022-04-28T00:43:45Z,ETH,0.02472192,75,Coinbase,,,
d35d5e1d-4c4c-58cd-985d-8f551f2632fd,Buy,2022-04-28T02:11:47Z,BTC,0.00182398,75,Coinbase,,,
8b30c50a-95ae-5dc1-ad79-c2f66c8bd893,Buy,2022-05-05T00:24:34Z,BTC,0.00180817,75,Coinbase,,,
d3e2a08a-0925-5785-97ad-3b1b1ba50f0c,Buy,2022-05-05T02:04:57Z,ETH,0.02433016,75,Coinbase,,,
a4ae1be0-0b49-59d7-b5ba-f650e608efa7,Buy,2022-05-12T01:27:07Z,ETH,0.03379982,75,Coinbase,,,
25c2cb4e-5dc3-5775-8785-5eb9b22169eb,Buy,2022-05-12T02:28:41Z,BTC,0.00245718,75,Coinbase,,,
29697497-7610-537c-9db6-e57a02a9dd46,Buy,2022-05-19T00:31:03Z,BTC,0.00247924,75,Coinbase,,,
7247607f-be64-5c25-a529-2186625c4a7d,Buy,2022-05-19T01:18:05Z,ETH,0.03689134,75,Coinbase,,,
d654c727-6dde-527c-87ac-c33c21620c89,Buy,2022-05-26T01:04:56Z,ETH,0.03664793,75,Coinbase,,,
95b62e58-e7b7-5466-91cd-e4dbf4a3c3b4,Buy,2022-05-26T02:27:55Z,BTC,0.00241196,75,Coinbase,,,
a0a880c3-69d7-534b-a806-0eeeffef7d86,Sell,2022-06-01T17:58:22Z,,,,,SOL,12.328300972,504.6599999999999994287871344
e7cd3af9-9317-544c-ad8e-0c2996a08066,Buy,2022-06-02T01:12:30Z,BTC,0.00240661,75,Coinbase,,,
780a834d-3ca1-5164-94ca-ff3fd62ffa3d,Buy,2022-06-02T02:56:42Z,ETH,0.03913804,75,Coinbase,,,
9038fe7e-837c-5551-aa26-3048129e66f8,Buy,2022-06-09T00:54:23Z,ETH,0.03993646,75,Coinbase,,,
c54765d6-9483-54a0-a093-fae57715e710,Buy,2022-06-09T02:55:11Z,BTC,0.00237613,75,Coinbase,,,
edc0b975-9bfb-5751-950c-f0bbe8b92092,Sell,2022-11-11T20:10:14Z,,,,,BTC,0.06004628,985.099999999999999998497384
adc2ea4e-83cd-580a-ae31-e61a32df88ec,Sell,2022-11-11T20:10:42Z,,,,,ETH,1.58924752,1970.200000000000000026698624
4b3235fe-dd8c-5e73-b25b-d0d1102e437f,Buy,2025-01-23T20:54:10Z,BTC,0.01883293,2000,Coinbase,,,
